{
  "size_1000_value_100": {
    "data_size": 1000,
    "value_size": 100,
    "operations": 1000,
    "metrics": {
      "write_times_avg": 4.1041377699002625e-06,
      "write_times_std": 2.901758590182459e-06,
      "write_times_min": 3.2499665394425392e-06,
      "write_times_max": 7.299997378140688e-05,
      "delete_times_avg": 3.1286486191675066e-06,
      "delete_times_std": 2.6534397083408083e-06,
      "delete_times_min": 2.5419285520911217e-06,
      "delete_times_max": 5.766702815890312e-05,
      "batch_write_times_avg": 3.769044764339924e-06,
      "batch_write_times_std": 3.610487550498474e-07,
      "batch_write_times_min": 3.522499464452267e-06,
      "batch_write_times_max": 4.718339769169689e-06,
      "sequential_read_times_avg": 1.4260769938118756e-05,
      "sequential_read_times_std": 4.651765435622759e-06,
      "sequential_read_times_min": 1.3208016753196716e-05,
      "sequential_read_times_max": 9.233306627720594e-05,
      "random_read_times_avg": 1.460431795567274e-05,
      "random_read_times_std": 4.595922620494215e-06,
      "random_read_times_min": 1.3208948075771332e-05,
      "random_read_times_max": 0.00010604097042232752
    }
  },
  "size_1000_value_1000": {
    "data_size": 1000,
    "value_size": 1000,
    "operations": 1000,
    "metrics": {
      "write_times_avg": 6.741022923961282e-06,
      "write_times_std": 4.09273868499886e-06,
      "write_times_min": 5.207955837249756e-06,
      "write_times_max": 0.00010029191616922617,
      "delete_times_avg": 3.090602462179959e-06,
      "delete_times_std": 1.8198963810820943e-06,
      "delete_times_min": 2.5419285520911217e-06,
      "delete_times_max": 3.754196222871542e-05,
      "batch_write_times_avg": 6.435832125134766e-06,
      "batch_write_times_std": 4.844942841453919e-07,
      "batch_write_times_min": 6.107910303398967e-06,
      "batch_write_times_max": 7.492500590160489e-06,
      "sequential_read_times_avg": 1.5761664835736157e-05,
      "sequential_read_times_std": 4.121730854186308e-06,
      "sequential_read_times_min": 1.4375080354511738e-05,
      "sequential_read_times_max": 7.599999662488699e-05,
      "random_read_times_avg": 1.671465369872749e-05,
      "random_read_times_std": 3.832642254880554e-06,
      "random_read_times_min": 1.4457968063652515e-05,
      "random_read_times_max": 8.525000885128975e-05
    }
  },
  "size_1000_value_10000": {
    "data_size": 1000,
    "value_size": 10000,
    "operations": 1000,
    "metrics": {
      "write_times_avg": 2.7397290803492068e-05,
      "write_times_std": 1.9511397975744255e-05,
      "write_times_min": 2.4041044525802135e-05,
      "write_times_max": 0.0005942080169916153,
      "delete_times_avg": 3.0590411042794585e-06,
      "delete_times_std": 1.596842122502614e-06,
      "delete_times_min": 2.540997229516506e-06,
      "delete_times_max": 3.3208983950316906e-05,
      "batch_write_times_avg": 2.757666679099202e-05,
      "batch_write_times_std": 2.718183451436387e-06,
      "batch_write_times_min": 2.5942500215023757e-05,
      "batch_write_times_max": 3.5100409295409915e-05,
      "sequential_read_times_avg": 2.6585196261294187e-05,
      "sequential_read_times_std": 6.186581054842257e-06,
      "sequential_read_times_min": 2.4582957848906517e-05,
      "sequential_read_times_max": 0.00015170802362263203,
      "random_read_times_avg": 2.7391464449465276e-05,
      "random_read_times_std": 5.209126197765394e-06,
      "random_read_times_min": 2.450007013976574e-05,
      "random_read_times_max": 0.00014699995517730713
    }
  },
  "size_10000_value_100": {
    "data_size": 10000,
    "value_size": 100,
    "operations": 1000,
    "metrics": {
      "write_times_avg": 3.977014333941042e-06,
      "write_times_std": 2.1435817849805657e-06,
      "write_times_min": 3.2079406082630157e-06,
      "write_times_max": 5.2666058763861656e-05,
      "delete_times_avg": 2.8748963959515093e-06,
      "delete_times_std": 1.703226657837589e-06,
      "delete_times_min": 2.5829067453742027e-06,
      "delete_times_max": 4.7666020691394806e-05,
      "batch_write_times_avg": 3.995458944700658e-06,
      "batch_write_times_std": 1.7610060915546314e-07,
      "batch_write_times_min": 3.7050002720206975e-06,
      "batch_write_times_max": 4.307080525904894e-06,
      "sequential_read_times_avg": 1.4317357097752391e-05,
      "sequential_read_times_std": 3.2253551237805633e-06,
      "sequential_read_times_min": 1.3208016753196716e-05,
      "sequential_read_times_max": 8.929194882512093e-05,
      "random_read_times_avg": 1.4312026440165937e-05,
      "random_read_times_std": 2.351908538456929e-06,
      "random_read_times_min": 1.3292068615555763e-05,
      "random_read_times_max": 5.262496415525675e-05
    }
  },
  "size_10000_value_1000": {
    "data_size": 10000,
    "value_size": 1000,
    "operations": 1000,
    "metrics": {
      "write_times_avg": 6.61707657855004e-06,
      "write_times_std": 3.140063411485187e-06,
      "write_times_min": 5.167094059288502e-06,
      "write_times_max": 6.033293902873993e-05,
      "delete_times_avg": 3.095952561125159e-06,
      "delete_times_std": 1.3940510283855744e-06,
      "delete_times_min": 2.5419285520911217e-06,
      "delete_times_max": 2.945796586573124e-05,
      "batch_write_times_avg": 6.555208005011081e-06,
      "batch_write_times_std": 4.578246230365881e-07,
      "batch_write_times_min": 6.185839883983135e-06,
      "batch_write_times_max": 7.627910235896707e-06,
      "sequential_read_times_avg": 1.578078989405185e-05,
      "sequential_read_times_std": 5.194246552930505e-06,
      "sequential_read_times_min": 1.4333054423332214e-05,
      "sequential_read_times_max": 0.00013129098806530237,
      "random_read_times_avg": 1.5841362532228233e-05,
      "random_read_times_std": 3.8431039556478326e-06,
      "random_read_times_min": 1.4374963939189911e-05,
      "random_read_times_max": 8.958298712968826e-05
    }
  },
  "size_10000_value_10000": {
    "data_size": 10000,
    "value_size": 10000,
    "operations": 1000,
    "metrics": {
      "write_times_avg": 2.747143991291523e-05,
      "write_times_std": 1.748363106969548e-05,
      "write_times_min": 2.4000066332519054e-05,
      "write_times_max": 0.000540458015166223,
      "delete_times_avg": 2.7790562016889453e-06,
      "delete_times_std": 1.11233318386848e-06,
      "delete_times_min": 2.5420449674129486e-06,
      "delete_times_max": 3.22909327223897e-05,
      "batch_write_times_avg": 2.8350418317131698e-05,
      "batch_write_times_std": 5.599263309730188e-06,
      "batch_write_times_min": 2.5275000371038914e-05,
      "batch_write_times_max": 4.398208111524582e-05,
      "sequential_read_times_avg": 2.6651802239939572e-05,
      "sequential_read_times_std": 6.360514185768423e-06,
      "sequential_read_times_min": 2.4542096070945263e-05,
      "sequential_read_times_max": 0.00012766604777425528,
      "random_read_times_avg": 2.7825539116747676e-05,
      "random_read_times_std": 5.292362960470472e-06,
      "random_read_times_min": 2.462498378008604e-05,
      "random_read_times_max": 0.00013212498743087053
    }
  },
  "size_100000_value_100": {
    "data_size": 100000,
    "value_size": 100,
    "operations": 1000,
    "metrics": {
      "write_times_avg": 3.7323088617995382e-06,
      "write_times_std": 1.9908180066854664e-06,
      "write_times_min": 3.2079406082630157e-06,
      "write_times_max": 6.241595838218927e-05,
      "delete_times_avg": 3.1177400378510357e-06,
      "delete_times_std": 1.971198812116831e-06,
      "delete_times_min": 2.540997229516506e-06,
      "delete_times_max": 4.4459011405706406e-05,
      "batch_write_times_avg": 3.6575432168319822e-06,
      "batch_write_times_std": 2.9560824315827373e-07,
      "batch_write_times_min": 3.490409580990672e-06,
      "batch_write_times_max": 4.475000314414501e-06,
      "sequential_read_times_avg": 1.4567803824320436e-05,
      "sequential_read_times_std": 9.36848823735607e-06,